rookie_yr,state,count
1871,MD,1
1871,NJ,3
1871,NY,19
1871,Netherlands,1
1871,OH,1
1871,PA,10
1871,United Kingdom,3
1872,CT,3
1872,Cuba,1
1872,DC,1
1872,IA,1
1872,MA,1
1872,NY,19
1872,OH,1
1872,PA,5
1872,United Kingdom,1
1873,CT,1
1873,Canada,1
1873,DC,2
1873,Ireland,1
1873,MA,1
1873,MD,1
1873,ME,1
1873,NY,7
1873,PA,1
1873,VA,1
1874,CT,1
1874,DC,1
1874,Ireland,1
1874,LA,1
1874,NJ,2
1874,NY,3
1874,PA,3
1874,United Kingdom,1
1875,CT,1
1875,DC,1
1875,Ireland,1
1875,MA,2
1875,MO,2
1875,NJ,1
1875,NY,4
1875,PA,8
1875,United Kingdom,1
1876,IL,1
1876,KY,1
1876,MA,4
1876,NC,1
1876,NJ,1
1876,NY,1
1876,OH,2
1876,PA,2
1877,CT,1
1877,ME,1
1877,MO,1
1877,NY,1
1877,OH,1
1877,PA,1
1878,IL,2
1878,IN,1
1878,MA,1
1878,MD,1
1878,MO,1
1878,NY,3
1878,PA,10
1878,RI,1
1878,United Kingdom,1
1878,WI,1
1879,CT,2
1879,Canada,1
1879,DC,1
1879,IL,1
1879,Ireland,1
1879,KY,1
1879,MA,8
1879,MD,2
1879,ME,1
1879,NH,1
1879,NJ,2
1879,NY,10
1879,OH,2
1879,PA,1
1879,RI,2
1879,United Kingdom,1
1879,WV,1
1880,CT,3
1880,Canada,3
1880,GA,1
1880,MA,3
1880,MD,1
1880,NY,4
1880,OH,2
1880,PA,6
1880,RI,1
1881,DC,1
1881,IL,1
1881,MA,3
1881,MD,1
1881,NY,4
1881,OH,1
1881,PA,1
1882,CA,1
1882,CT,4
1882,IL,2
1882,Ireland,3
1882,KY,5
1882,MA,1
1882,MD,2
1882,MO,4
1882,NY,11
1882,OH,1
1882,PA,13
1882,RI,1
1882,United Kingdom,2
1882,VT,1
1883,CA,2
1883,CT,1
1883,Canada,1
1883,DC,2
1883,Germany,1
1883,IA,1
1883,IL,1
1883,Ireland,2
1883,KY,1
1883,MA,6
1883,ME,1
1883,MO,1
1883,NH,1
1883,NJ,1
1883,NY,7
1883,OH,4
1883,PA,7
1883,RI,1
1883,United Kingdom,1
1883,WI,1
1884,CA,6
1884,CT,2
1884,Canada,8
1884,DC,2
1884,FL,1
1884,GA,2
1884,Germany,2
1884,IA,2
1884,IL,13
1884,IN,3
1884,Ireland,2
1884,KS,1
1884,KY,4
1884,LA,1
1884,MA,20
1884,MD,3
1884,MI,1
1884,MO,4
1884,NH,2
1884,NJ,3
1884,NY,17
1884,OH,11
1884,PA,29
1884,RI,3
1884,TN,1
1884,United Kingdom,2
1884,VA,4
1884,VT,2
1884,WI,2
1884,WV,3
1885,Canada,3
1885,IL,2
1885,IN,2
1885,MA,2
1885,MD,1
1885,MO,1
1885,MS,1
1885,NH,1
1885,NY,3
1885,OH,2
1885,PA,7
1885,RI,4
1885,VT,2
1885,WI,2
1886,DC,1
1886,IL,5
1886,Ireland,1
1886,KY,2
1886,LA,1
1886,MA,6
1886,MD,1
1886,MN,1
1886,MO,1
1886,NY,3
1886,OH,5
1886,PA,8
1886,RI,1
1886,VA,1
1886,WI,3
1887,CA,1
1887,CT,2
1887,Ireland,1
1887,KY,3
1887,MA,6
1887,ME,1
1887,MO,3
1887,NJ,1
1887,NY,5
1887,OH,7
1887,PA,8
1887,RI,1
1887,VA,1
1887,WI,1
1888,CA,1
1888,DC,2
1888,DE,1
1888,IA,1
1888,IL,2
1888,KY,4
1888,MA,2
1888,MD,4
1888,ME,1
1888,MI,1
1888,MN,2
1888,MO,1
1888,MS,1
1888,NJ,3
1888,NY,8
1888,OH,7
1888,PA,6
1888,RI,1
1888,VA,1
1888,VT,1
1888,WI,2
1889,AL,1
1889,CA,1
1889,CT,2
1889,Canada,1
1889,DE,2
1889,IA,1
1889,IL,3
1889,IN,3
1889,KY,3
1889,MA,3
1889,MD,1
1889,MN,1
1889,MO,5
1889,NH,1
1889,NJ,1
1889,NY,3
1889,OH,2
1889,PA,8
1889,WV,1
1890,AB,1
1890,CA,2
1890,CT,2
1890,Canada,2
1890,DC,1
1890,DE,1
1890,GA,1
1890,IL,6
1890,IN,2
1890,Ireland,4
1890,KY,3
1890,MA,9
1890,MD,3
1890,MI,4
1890,MN,1
1890,MO,3
1890,NH,1
1890,NJ,5
1890,NY,19
1890,OH,14
1890,PA,20
1890,RI,5
1890,SC,1
1890,TN,3
1890,VA,1
1890,WI,2
1890,WV,2
1891,CT,1
1891,Canada,1
1891,DC,1
1891,Germany,1
1891,IN,2
1891,KY,1
1891,MA,4
1891,ME,1
1891,MO,1
1891,NJ,2
1891,NY,2
1891,OH,3
1891,PA,4
1891,WI,1
1892,CA,1
1892,CT,1
1892,DE,1
1892,IA,1
1892,IN,1
1892,MA,3
1892,MO,1
1892,NY,2
1892,OH,2
1892,OR,1
1892,PA,3
1892,VT,1
1892,WI,1
1893,AL,1
1893,CA,1
1893,IL,1
1893,IN,1
1893,KY,3
1893,MA,2
1893,MD,2
1893,MI,1
1893,MO,1
1893,NY,4
1893,OH,5
1893,OR,1
1893,PA,1
1893,TN,1
1893,WV,1
1894,CT,1
1894,IA,1
1894,IL,6
1894,Ireland,1
1894,KS,1
1894,MA,3
1894,MD,1
1894,MO,2
1894,NE,1
1894,NH,1
1894,NJ,1
1894,NY,1
1894,OH,3
1894,PA,5
1894,SC,1
1894,WI,1
1894,WV,1
1895,AL,1
1895,CT,1
1895,Canada,1
1895,IA,2
1895,IL,3
1895,IN,3
1895,KY,1
1895,LA,1
1895,MA,6
1895,MD,1
1895,MO,2
1895,NH,1
1895,NJ,1
1895,NY,3
1895,Norway,1
1895,OH,3
1895,PA,4
1895,United Kingdom,1
1895,VA,1
1895,WI,1
1895,WV,1
1896,CA,3
1896,CT,4
1896,DE,1
1896,IL,3
1896,IN,2
1896,KY,4
1896,MA,4
1896,MD,1
1896,MI,1
1896,MN,1
1896,NY,2
1896,OH,3
1896,PA,8
1896,RI,1
1896,SC,1
1896,TN,1
1896,VT,1
1896,WV,1
1897,CT,1
1897,DC,1
1897,IL,4
1897,IN,2
1897,KY,1
1897,MA,1
1897,MI,1
1897,MN,1
1897,MO,1
1897,MS,1
1897,NB,1
1897,NH,1
1897,NY,2
1897,Netherlands,1
1897,OH,5
1897,PA,8
1897,Russian Federation,1
1897,TN,1
1897,United Kingdom,1
1898,CA,2
1898,CO,1
1898,DC,1
1898,IA,1
1898,Ireland,1
1898,KY,1
1898,MA,1
1898,MD,3
1898,ME,1
1898,MI,2
1898,MO,2
1898,NH,1
1898,NJ,1
1898,NY,4
1898,OH,5
1898,PA,4
1898,VA,1
1899,CA,1
1899,CT,1
1899,GA,1
1899,IA,1
1899,IL,2
1899,IN,2
1899,MA,7
1899,MD,3
1899,MI,3
1899,MN,1
1899,MO,2
1899,NJ,1
1899,NY,5
1899,OH,5
1899,PA,10
1899,TN,2
1899,TX,2
1899,VA,2
1899,WI,1
1900,IL,1
1900,IN,1
1900,Ireland,1
1900,KS,1
1900,MA,1
1900,MI,1
1900,MO,1
1900,NE,1
1900,NJ,1
1900,OH,4
1900,PA,1
1900,TN,2
1901,CA,1
1901,CT,1
1901,DC,1
1901,DE,1
1901,Germany,2
1901,IL,4
1901,IN,1
1901,KS,3
1901,MA,5
1901,MD,2
1901,ME,2
1901,MI,1
1901,MO,2
1901,NC,1
1901,NH,1
1901,NJ,2
1901,NY,7
1901,OH,9
1901,PA,13
1901,TN,2
1901,United Kingdom,2
1901,VA,1
1901,WI,2
1901,WV,1
1902,AL,1
1902,CA,2
1902,Canada,2
1902,DE,1
1902,IA,1
1902,IL,3
1902,IN,3
1902,KS,1
1902,KY,2
1902,MA,3
1902,MD,2
1902,ME,1
1902,MI,3
1902,MN,2
1902,MO,2
1902,NH,1
1902,NJ,2
1902,NY,4
1902,OH,8
1902,PA,8
1902,TN,1
1902,VA,2
1902,WI,2
1903,CT,1
1903,DC,1
1903,GA,1
1903,IA,1
1903,IL,5
1903,IN,2
1903,KY,2
1903,MA,3
1903,MI,1
1903,MN,1
1903,MO,2
1903,NJ,4
1903,NY,2
1903,OH,2
1903,OR,1
1903,PA,12
1903,RI,1
1903,TX,2
1903,United Kingdom,1
1903,WI,1
1903,WV,1
1904,Canada,2
1904,DC,1
1904,IA,1
1904,IL,1
1904,IN,1
1904,Ireland,1
1904,MA,1
1904,MD,1
1904,ME,1
1904,MN,1
1904,MO,4
1904,NC,1
1904,NJ,1
1904,NY,8
1904,OH,12
1904,PA,9
1904,RI,1
1904,Switzerland,1
1904,TN,1
1904,WI,4
1905,AL,1
1905,AR,1
1905,CA,2
1905,Canada,2
1905,DE,1
1905,GA,1
1905,Germany,1
1905,IA,2
1905,IL,4
1905,IN,2
1905,KS,2
1905,MA,1
1905,MD,1
1905,ME,1
1905,MI,3
1905,MN,1
1905,MO,2
1905,NC,1
1905,NE,1
1905,NY,6
1905,OH,4
1905,PA,8
1905,TX,1
1905,VA,1
1905,WI,2
1906,AL,1
1906,AR,1
1906,CA,1
1906,CO,2
1906,Canada,2
1906,DE,1
1906,IA,5
1906,IL,2
1906,IN,1
1906,KY,1
1906,LA,1
1906,MA,6
1906,MI,1
1906,MN,1
1906,MO,2
1906,NE,2
1906,NY,9
1906,Norway,1
1906,OH,14
1906,PA,11
1906,RI,1
1906,TX,2
1906,WI,2
1907,AB,1
1907,CA,1
1907,Canada,3
1907,FL,1
1907,GA,2
1907,IA,2
1907,IL,7
1907,IN,2
1907,KS,1
1907,MA,3
1907,MD,2
1907,MI,2
1907,MN,1
1907,MO,3
1907,NE,2
1907,NJ,2
1907,NY,6
1907,OH,4
1907,PA,8
1907,TN,1
1907,TX,1
1907,VA,1
1907,WI,2
1908,AR,1
1908,CA,3
1908,CT,1
1908,DC,1
1908,IA,1
1908,IL,3
1908,IN,4
1908,KS,2
1908,KY,1
1908,MA,3
1908,MD,1
1908,ME,1
1908,MI,3
1908,MO,1
1908,NE,1
1908,NJ,2
1908,NY,7
1908,OH,6
1908,PA,10
1908,SC,1
1908,TX,3
1908,United Kingdom,2
1908,VA,1
1908,VT,2
1908,WA,1
1908,WI,1
1909,CA,7
1909,GA,1
1909,Germany,1
1909,IA,2
1909,IL,7
1909,IN,4
1909,Ireland,1
1909,KS,3
1909,LA,1
1909,MA,3
1909,MD,1
1909,ME,2
1909,MI,4
1909,MO,4
1909,MS,1
1909,NC,2
1909,NE,1
1909,NJ,1
1909,NY,6
1909,Netherlands,1
1909,OH,10
1909,OR,1
1909,PA,5
1909,SD,1
1909,Slovakia,1
1909,TN,1
1909,TX,1
1909,United Kingdom,1
1909,VT,1
1909,WI,3
1909,WV,2
1910,CA,3
1910,CO,1
1910,Canada,2
1910,IA,1
1910,IL,7
1910,IN,3
1910,Ireland,1
1910,KS,1
1910,KY,2
1910,MA,2
1910,MD,1
1910,ME,1
1910,MI,1
1910,MN,1
1910,MO,4
1910,MS,2
1910,NC,2
1910,NE,1
1910,NJ,1
1910,NY,4
1910,OH,7
1910,OR,1
1910,PA,11
1910,RI,1
1910,TN,1
1910,TX,5
1910,VT,3
1910,WI,3
1910,WV,1
1911,AL,1
1911,AR,1
1911,Austria,1
1911,CA,5
1911,Cuba,1
1911,DC,1
1911,Germany,1
1911,IL,7
1911,IN,8
1911,KS,2
1911,KY,2
1911,LA,1
1911,MA,4
1911,MD,1
1911,MI,4
1911,MO,3
1911,NC,3
1911,NE,2
1911,NH,1
1911,NJ,1
1911,NY,3
1911,OH,8
1911,PA,10
1911,Russian Federation,1
1911,SD,1
1911,TN,4
1911,TX,4
1911,United Kingdom,1
1911,VA,1
1911,WA,3
1911,WI,1
1911,WV,1
1912,AL,1
1912,AR,1
1912,CA,3
1912,CO,1
1912,CT,1
1912,Cuba,1
1912,DC,1
1912,Denmark,1
1912,France,1
1912,GA,4
1912,IA,3
1912,IL,6
1912,IN,4
1912,KS,2
1912,KY,2
1912,MA,3
1912,MD,2
1912,MN,1
1912,MO,3
1912,NE,2
1912,NJ,2
1912,NY,9
1912,OH,6
1912,PA,8
1912,SC,1
1912,SD,1
1912,TN,7
1912,TX,5
1912,VA,1
1912,WV,2
1913,CA,3
1913,CO,1
1913,CT,1
1913,Canada,1
1913,GA,2
1913,IL,9
1913,IN,3
1913,KS,1
1913,KY,2
1913,LA,1
1913,MA,3
1913,MD,3
1913,MI,4
1913,MO,4
1913,MS,1
1913,NC,3
1913,NE,3
1913,NJ,2
1913,NY,5
1913,OH,9
1913,OK,3
1913,OR,1
1913,PA,14
1913,TN,1
1913,TX,1
1913,VA,2
1913,WV,2
1914,AL,4
1914,AR,1
1914,CA,5
1914,CO,1
1914,CT,3
1914,Cuba,1
1914,DE,1
1914,GA,2
1914,Germany,1
1914,IA,2
1914,ID,2
1914,IL,18
1914,IN,10
1914,KS,3
1914,KY,1
1914,LA,2
1914,MA,4
1914,MD,2
1914,ME,1
1914,MI,5
1914,MO,8
1914,NC,3
1914,NE,1
1914,NJ,3
1914,NY,3
1914,OH,15
1914,OK,2
1914,PA,16
1914,SC,1
1914,SD,1
1914,TX,8
1914,United Kingdom,1
1914,VA,3
1914,WA,1
1914,WI,2
1914,WV,1
1915,AL,2
1915,CA,2
1915,CT,1
1915,Cuba,1
1915,GA,4
1915,IA,1
1915,IL,7
1915,IN,2
1915,KS,1
1915,KY,4
1915,MA,3
1915,MD,3
1915,MI,2
1915,MO,2
1915,NC,1
1915,NE,1
1915,NJ,3
1915,NV,1
1915,NY,7
1915,OH,6
1915,OR,2
1915,PA,11
1915,Russian Federation,1
1915,SC,1
1915,TN,3
1915,TX,3
1915,VA,1
1915,WA,2
1915,WI,3
1916,AR,1
1916,CA,3
1916,CT,1
1916,Canada,1
1916,GA,2
1916,IA,1
1916,IL,3
1916,IN,2
1916,KS,3
1916,KY,1
1916,MA,2
1916,MD,2
1916,MN,3
1916,MO,4
1916,MS,2
1916,MT,1
1916,NC,2
1916,NE,1
1916,NJ,1
1916,NY,1
1916,OH,3
1916,OK,1
1916,OR,1
1916,PA,6
1916,TN,4
1916,TX,3
1916,VA,1
1916,WV,1
1917,AR,1
1917,CA,4
1917,Cuba,1
1917,IA,3
1917,IL,5
1917,IN,4
1917,KS,2
1917,MA,2
1917,ME,1
1917,MO,4
1917,NE,2
1917,NJ,1
1917,NY,3
1917,OH,2
1917,OK,1
1917,PA,5
1917,TN,3
1917,TX,1
1917,VA,1
1917,WA,1
1917,WI,2
1918,CA,3
1918,Cuba,2
1918,FL,1
1918,GA,1
1918,IA,1
1918,IL,3
1918,IN,1
1918,KS,2
1918,LA,1
1918,MA,1
1918,MD,3
1918,MI,4
1918,MO,5
1918,MS,1
1918,NC,2
1918,ND,1
1918,NJ,2
1918,NY,2
1918,OH,6
1918,OR,1
1918,PA,5
1918,SC,1
1918,Sweden,1
1918,TN,1
1918,TX,2
1918,WA,1
1919,AR,1
1919,CO,2
1919,CT,2
1919,Cuba,1
1919,IA,1
1919,IL,3
1919,MA,1
1919,MD,1
1919,MI,2
1919,MO,3
1919,MS,1
1919,NC,3
1919,NY,3
1919,OH,2
1919,OK,1
1919,PA,3
1919,TX,2
1919,VA,1
1920,AL,2
1920,AR,3
1920,CA,4
1920,CO,1
1920,CT,1
1920,Cuba,1
1920,DC,1
1920,DE,1
1920,GA,2
1920,IL,3
1920,KS,1
1920,LA,1
1920,MA,4
1920,MD,2
1920,MI,2
1920,MO,4
1920,MS,1
1920,NC,4
1920,NE,1
1920,NH,1
1920,NY,4
1920,OH,5
1920,PA,4
1920,SC,2
1920,TX,5
1920,VT,1
1921,AL,4
1921,AR,1
1921,CA,7
1921,CO,1
1921,CT,1
1921,Cuba,1
1921,DC,1
1921,Germany,1
1921,IL,6
1921,IN,3
1921,KS,1
1921,KY,1
1921,LA,1
1921,MA,4
1921,MD,1
1921,MN,1
1921,MO,2
1921,NE,2
1921,NJ,3
1921,NY,2
1921,OH,4
1921,OK,1
1921,OR,2
1921,PA,7
1921,TX,5
1921,VA,1
1922,AL,1
1922,AZ,1
1922,CA,3
1922,CT,2
1922,GA,2
1922,Germany,1
1922,IA,3
1922,IL,4
1922,IN,1
1922,KS,1
1922,LA,1
1922,MA,5
1922,MD,1
1922,ME,1
1922,MI,1
1922,MO,6
1922,MT,1
1922,NC,2
1922,NJ,2
1922,NM,1
1922,NY,6
1922,OH,3
1922,OR,2
1922,PA,4
1922,TN,3
1922,TX,7
1922,VA,3
1922,WI,2
1922,WV,1
1923,AL,1
1923,AR,1
1923,CA,3
1923,GA,2
1923,Germany,1
1923,IA,1
1923,IL,5
1923,KS,1
1923,MA,3
1923,MD,2
1923,MI,1
1923,MN,1
1923,MO,7
1923,NE,1
1923,NJ,3
1923,NY,2
1923,OH,4
1923,OK,1
1923,PA,5
1923,RI,2
1923,SC,1
1923,TN,2
1923,TX,3
1923,VT,1
1923,WI,2
1924,AL,3
1924,AR,1
1924,CA,3
1924,GA,3
1924,IA,2
1924,IL,4
1924,IN,3
1924,KS,1
1924,KY,5
1924,LA,2
1924,MA,2
1924,MI,1
1924,MO,8
1924,MS,2
1924,NJ,2
1924,NY,1
1924,OH,2
1924,PA,4
1924,RI,2
1924,SC,1
1924,TN,3
1924,TX,4
1924,WI,1
1924,WV,2
1925,AL,2
1925,Austria,1
1925,CA,4
1925,CO,2
1925,FL,2
1925,GA,1
1925,IA,2
1925,IL,7
1925,IN,4
1925,KS,3
1925,KY,4
1925,LA,1
1925,MA,5
1925,MD,4
1925,MN,1
1925,MO,3
1925,MS,1
1925,NC,3
1925,NJ,2
1925,NY,3
1925,OH,2
1925,OK,1
1925,OR,1
1925,PA,2
1925,SC,1
1925,TN,2
1925,TX,3
1925,VA,2
1925,WI,1
1926,AL,1
1926,CA,6
1926,CT,1
1926,Cuba,1
1926,DC,1
1926,Germany,1
1926,IA,1
1926,IL,5
1926,IN,1
1926,KS,3
1926,KY,1
1926,MA,4
1926,MD,1
1926,MI,1
1926,MN,2
1926,MO,1
1926,MS,1
1926,NC,2
1926,NJ,1
1926,NY,6
1926,OH,4
1926,OK,2
1926,PA,6
1926,SC,1
1926,TN,1
1926,TX,8
1926,VA,1
1927,AL,1
1927,CA,3
1927,CO,1
1927,DC,1
1927,FL,2
1927,GA,2
1927,IA,2
1927,IL,3
1927,KS,2
1927,LA,1
1927,MA,5
1927,MD,2
1927,MI,1
1927,MO,2
1927,NC,1
1927,NJ,2
1927,NY,1
1927,OH,3
1927,OK,3
1927,PA,4
1927,TN,5
1927,TX,2
1927,WA,1
1928,AL,3
1928,AR,2
1928,CA,6
1928,CT,2
1928,DC,2
1928,IL,5
1928,IN,1
1928,KS,2
1928,KY,2
1928,LA,1
1928,MA,3
1928,MD,2
1928,ME,1
1928,MI,2
1928,MO,3
1928,NC,2
1928,NE,2
1928,NJ,4
1928,NY,4
1928,OH,3
1928,OR,1
1928,PA,5
1928,SC,1
1928,SD,1
1928,TN,3
1928,TX,7
1928,WA,1
1929,AL,2
1929,CA,5
1929,CO,1
1929,FL,2
1929,GA,3
1929,IA,1
1929,IL,6
1929,LA,2
1929,MA,1
1929,MD,3
1929,ME,1
1929,MI,1
1929,MO,2
1929,NC,3
1929,NE,2
1929,NJ,2
1929,OH,3
1929,OK,1
1929,PA,6
1929,TN,4
1929,TX,3
1929,VA,1
1929,WA,2
1929,WV,1
1930,AL,1
1930,AR,4
1930,AZ,1
1930,CA,5
1930,FL,2
1930,GA,2
1930,IA,1
1930,IL,3
1930,KS,3
1930,KY,1
1930,MA,3
1930,MI,3
1930,MO,1
1930,MS,1
1930,NC,3
1930,ND,1
1930,NE,2
1930,NH,1
1930,NJ,1
1930,NY,8
1930,OH,2
1930,OK,2
1930,PA,4
1930,RI,1
1930,SC,4
1930,TN,3
1930,TX,8
1931,AL,3
1931,AR,2
1931,CA,7
1931,CT,1
1931,Canada,2
1931,DC,1
1931,IA,1
1931,IL,2
1931,Ireland,1
1931,KS,2
1931,KY,4
1931,LA,2
1931,MA,2
1931,MI,1
1931,MS,2
1931,NC,1
1931,NJ,1
1931,NY,5
1931,Norway,1
1931,OH,5
1931,OK,1
1931,PA,5
1931,TN,4
1931,TX,2
1931,UT,2
1931,United Kingdom,1
1931,WA,1
1931,WI,1
1932,AL,1
1932,AR,3
1932,CA,3
1932,CT,1
1932,DC,1
1932,Finland,1
1932,GA,1
1932,IL,2
1932,IN,2
1932,KY,1
1932,LA,1
1932,MS,2
1932,NC,6
1932,NE,1
1932,NJ,2
1932,NY,2
1932,OH,1
1932,PA,5
1932,RI,1
1932,Russian Federation,1
1932,SC,1
1932,SD,1
1932,TX,3
1932,VA,1
1932,WI,1
1932,WV,1
1933,AL,1
1933,CA,3
1933,Canada,2
1933,GA,1
1933,IL,3
1933,IN,2
1933,KS,1
1933,KY,1
1933,LA,3
1933,MA,2
1933,MD,1
1933,ME,1
1933,MO,2
1933,MS,1
1933,NC,1
1933,NH,1
1933,NJ,3
1933,NY,5
1933,OH,2
1933,OK,2
1933,OR,1
1933,PA,4
1933,SC,2
1933,TN,1
1933,TX,4
1933,WA,1
1934,AL,1
1934,AR,1
1934,AZ,1
1934,CA,13
1934,Canada,1
1934,GA,1
1934,IA,3
1934,IL,3
1934,IN,1
1934,KS,2
1934,KY,1
1934,LA,2
1934,MA,1
1934,MI,1
1934,MO,1
1934,Mexico,1
1934,NC,2
1934,NH,1
1934,NJ,2
1934,NY,1
1934,OH,5
1934,OK,3
1934,PA,8
1934,SC,1
1934,TN,3
1934,TX,2
1934,WA,1
1934,WI,1
1935,AL,4
1935,AR,1
1935,CA,9
1935,CT,1
1935,GA,2
1935,IA,1
1935,IL,6
1935,KS,1
1935,MA,5
1935,MD,2
1935,MO,4
1935,MS,3
1935,Mexico,1
1935,NC,2
1935,NY,3
1935,OH,2
1935,OK,3
1935,OR,1
1935,PA,2
1935,SC,1
1935,SD,1
1935,TN,2
1935,TX,4
1935,UT,1
1935,VA,1
1936,AL,1
1936,AR,2
1936,CA,6
1936,CT,2
1936,GA,2
1936,IA,1
1936,IL,3
1936,IN,1
1936,KS,1
1936,KY,1
1936,MA,1
1936,MD,1
1936,MN,2
1936,MO,2
1936,MS,3
1936,NC,6
1936,NJ,1
1936,NY,4
1936,OH,4
1936,OK,2
1936,PA,5
1936,SC,1
1936,TN,2
1936,TX,5
1936,VA,2
1936,WI,1
1936,WV,1
1937,AL,3
1937,AR,1
1937,CA,4
1937,CO,1
1937,GA,1
1937,IA,1
1937,IL,7
1937,IN,1
1937,Italy,1
1937,KS,2
1937,KY,1
1937,MA,1
1937,MD,1
1937,MO,4
1937,MS,1
1937,NC,3
1937,NJ,1
1937,NY,3
1937,OH,2
1937,PA,3
1937,RI,1
1937,SC,1
1937,TN,3
1937,TX,3
1937,VA,2
1937,VT,1
1937,WI,4
1938,AL,1
1938,CA,7
1938,CO,1
1938,Canada,4
1938,FL,1
1938,GA,1
1938,IL,4
1938,KS,1
1938,MA,2
1938,MO,5
1938,MS,2
1938,NC,4
1938,NJ,2
1938,NY,3
1938,OH,4
1938,PA,6
1938,TX,6
1938,VA,1
1938,WI,2
1939,AL,3
1939,AR,2
1939,CA,11
1939,Cuba,1
1939,FL,1
1939,GA,2
1939,IA,3
1939,IL,7
1939,IN,2
1939,LA,2
1939,MA,1
1939,MD,3
1939,MI,2
1939,MO,3
1939,MS,3
1939,NC,2
1939,NY,3
1939,OH,2
1939,OK,3
1939,PA,8
1939,SC,1
1939,TN,2
1939,TX,3
1939,Venezuela,1
1939,WA,1
1939,WV,1
1939,WY,1
1940,AL,2
1940,CA,7
1940,Cuba,1
1940,DC,1
1940,GA,1
1940,IA,1
1940,IL,5
1940,IN,2
1940,KS,2
1940,LA,1
1940,MA,3
1940,MD,1
1940,MI,1
1940,MN,1
1940,MO,5
1940,NC,3
1940,NE,1
1940,NJ,3
1940,NY,4
1940,OH,1
1940,OK,1
1940,OR,1
1940,PA,6
1940,SC,1
1940,TN,1
1940,TX,1
1940,UT,2
1940,VA,2
1940,WA,1
1941,AL,2
1941,AZ,1
1941,CA,5
1941,Canada,2
1941,DE,1
1941,GA,4
1941,IA,1
1941,ID,1
1941,IL,5
1941,IN,1
1941,KY,3
1941,LA,1
1941,MA,2
1941,MI,1
1941,MO,5
1941,NC,5
1941,NY,6
1941,OH,3
1941,OK,3
1941,PA,8
1941,SC,2
1941,TN,2
1941,TX,3
1941,VA,2
1941,WV,1
1942,AL,3
1942,AR,1
1942,CA,5
1942,CO,2
1942,Canada,2
1942,GA,1
1942,IA,2
1942,IL,4
1942,IN,3
1942,KS,2
1942,LA,2
1942,MA,6
1942,MI,1
1942,MO,3
1942,MS,2
1942,NC,3
1942,NJ,1
1942,NM,1
1942,NY,5
1942,OH,1
1942,OR,1
1942,PA,6
1942,Puerto Rico,1
1942,Slovakia,1
1942,TN,1
1942,TX,2
1942,VA,2
1942,WA,3
1942,WI,2
1942,WV,1
1943,AL,1
1943,AR,1
1943,CA,10
1943,CO,1
1943,CT,1
1943,Canada,2
1943,Cuba,1
1943,GA,1
1943,IA,2
1943,IL,5
1943,IN,2
1943,KS,1
1943,KY,1
1943,LA,3
1943,MA,2
1943,MD,1
1943,MI,1
1943,MN,2
1943,MO,6
1943,MT,1
1943,Mexico,1
1943,NC,3
1943,NJ,3
1943,NY,6
1943,OH,2
1943,OK,3
1943,OR,1
1943,PA,4
1943,Puerto Rico,1
1943,RI,1
1943,SD,1
1943,TN,3
1943,TX,6
1943,WA,1
1944,AL,3
1944,AR,2
1944,CA,2
1944,CT,2
1944,Canada,2
1944,Cuba,4
1944,FL,2
1944,GA,2
1944,ID,1
1944,IL,7
1944,IN,1
1944,LA,1
1944,MD,1
1944,MI,1
1944,MN,1
1944,MO,3
1944,NC,3
1944,NJ,7
1944,NY,10
1944,OH,3
1944,OK,4
1944,OR,1
1944,PA,9
1944,SC,2
1944,TN,2
1944,TX,6
1944,United Kingdom,1
1944,VA,3
1944,WA,2
1944,WI,2
1944,WV,2
1945,AR,1
1945,CA,3
1945,CO,1
1945,CT,1
1945,Canada,1
1945,Cuba,2
1945,FL,1
1945,GA,3
1945,ID,1
1945,IL,10
1945,IN,2
1945,Italy,1
1945,KS,1
1945,KY,2
1945,LA,2
1945,MA,2
1945,MD,1
1945,MI,2
1945,MO,6
1945,MS,1
1945,NC,9
1945,NE,1
1945,NJ,2
1945,NY,7
1945,OH,3
1945,OK,1
1945,OR,2
1945,PA,9
1945,SC,2
1945,SD,1
1945,TN,5
1945,TX,3
1945,VA,4
1945,WA,2
1945,WI,4
1945,WV,1
1946,AL,1
1946,AR,1
1946,CA,5
1946,Canada,1
1946,FL,1
1946,IA,3
1946,IL,8
1946,IN,1
1946,KS,3
1946,KY,1
1946,LA,2
1946,MA,4
1946,MI,1
1946,MN,1
1946,MO,5
1946,NC,2
1946,NH,1
1946,NJ,2
1946,NM,2
1946,NY,2
1946,OH,2
1946,OR,2
1946,PA,5
1946,TX,4
1946,UT,1
1946,VA,3
1946,WA,2
1947,AL,2
1947,AR,1
1947,CA,4
1947,CT,1
1947,GA,1
1947,IL,3
1947,IN,1
1947,KY,1
1947,LA,1
1947,MA,2
1947,ME,1
1947,MI,1
1947,MO,4
1947,MS,1
1947,NC,1
1947,NE,2
1947,NJ,3
1947,NY,5
1947,OH,5
1947,OK,3
1947,OR,2
1947,PA,2
1947,TN,1
1947,TX,5
1947,UT,2
1947,United Kingdom,1
1947,VA,1
1947,VT,2
1947,WA,1
1948,AL,2
1948,AR,2
1948,AZ,1
1948,CA,9
1948,DC,1
1948,FL,1
1948,IL,7
1948,IN,2
1948,KS,3
1948,KY,1
1948,LA,1
1948,MD,1
1948,MI,5
1948,MN,1
1948,MO,3
1948,NC,4
1948,NE,1
1948,NJ,2
1948,NY,3
1948,OH,7
1948,OK,2
1948,OR,1
1948,PA,5
1948,SC,5
1948,TN,1
1948,TX,1
1948,VA,3
1948,WA,1
1949,AZ,1
1949,CA,13
1949,CO,1
1949,CT,1
1949,Cuba,1
1949,DC,1
1949,GA,1
1949,IA,1
1949,IL,5
1949,KS,3
1949,MA,2
1949,MD,1
1949,MI,3
1949,MN,1
1949,MO,5
1949,NC,1
1949,NE,1
1949,NJ,4
1949,OH,4
1949,OK,2
1949,PA,8
1949,RI,1
1949,SC,1
1949,TN,2
1949,TX,2
1949,WA,1
1949,WV,1
1950,AL,3
1950,AR,1
1950,CA,4
1950,CT,1
1950,Canada,2
1950,Cuba,3
1950,DC,1
1950,GA,2
1950,IA,1
1950,ID,1
1950,IL,3
1950,KS,2
1950,KY,1
1950,LA,2
1950,MA,1
1950,MD,1
1950,MI,2
1950,MN,1
1950,MO,2
1950,MS,2
1950,Mexico,1
1950,NC,3
1950,NJ,5
1950,NY,5
1950,OH,2
1950,OK,1
1950,PA,1
1950,SC,2
1950,TX,1
1950,VA,1
1950,Venezuela,1
1950,WA,1
1950,WI,1
1951,AL,2
1951,AR,1
1951,AZ,1
1951,CA,5
1951,Cuba,3
1951,GA,1
1951,IL,3
1951,IN,1
1951,KS,1
1951,KY,1
1951,LA,1
1951,MA,2
1951,MD,2
1951,MI,2
1951,MN,1
1951,MO,6
1951,NC,4
1951,NJ,3
1951,NY,6
1951,OH,3
1951,OK,1
1951,PA,3
1951,RI,2
1951,TX,5
1951,WV,1
1952,AL,2
1952,AR,1
1952,CA,3
1952,CO,1
1952,CT,1
1952,Canada,1
1952,Cuba,3
1952,DC,1
1952,FL,1
1952,Germany,1
1952,IA,2
1952,IL,6
1952,IN,1
1952,KY,2
1952,LA,1
1952,MA,2
1952,MD,2
1952,MI,3
1952,MS,1
1952,NC,4
1952,NE,1
1952,NJ,1
1952,NY,6
1952,OH,6
1952,PA,7
1952,SC,1
1952,TN,1
1952,TX,2
1952,United Kingdom,1
1952,VA,2
1952,WA,1
1952,WI,3
1952,WV,3
1953,AL,3
1953,AR,3
1953,CA,2
1953,CT,1
1953,Canada,1
1953,Cuba,1
1953,DE,1
1953,GA,3
1953,IA,2
1953,IL,6
1953,IN,1
1953,KS,3
1953,MI,5
1953,MN,2
1953,MO,2
1953,MS,3
1953,NC,6
1953,NJ,2
1953,NY,8
1953,OH,3
1953,PA,3
1953,Puerto Rico,2
1953,TN,1
1953,VA,2
1953,WI,2
1953,WV,1
1954,AL,5
1954,AR,1
1954,CA,15
1954,Cuba,2
1954,DE,1
1954,FL,1
1954,GA,1
1954,IL,4
1954,IN,1
1954,MA,1
1954,MD,2
1954,MI,4
1954,MO,5
1954,MS,2
1954,NC,4
1954,NE,1
1954,NJ,5
1954,NY,2
1954,OH,7
1954,OK,3
1954,OR,1
1954,PA,5
1954,Puerto Rico,2
1954,SC,1
1954,TN,1
1954,TX,3
1954,VA,1
1954,WI,1
1955,AL,2
1955,AR,2
1955,CA,1
1955,CT,1
1955,Canada,1
1955,Cuba,6
1955,FL,2
1955,ID,1
1955,IL,1
1955,IN,1
1955,KS,1
1955,KY,2
1955,LA,1
1955,MA,2
1955,MD,1
1955,MI,7
1955,MN,1
1955,MO,5
1955,Mexico,1
1955,NC,5
1955,NJ,1
1955,NY,3
1955,OH,7
1955,OK,2
1955,PA,10
1955,Panama,1
1955,Puerto Rico,2
1955,RI,1
1955,TN,1
1955,TX,2
1955,VA,4
1955,Venezuela,1
1955,WV,2
1956,AL,1
1956,AR,1
1956,CA,8
1956,CT,1
1956,DC,1
1956,GA,3
1956,ID,1
1956,IL,3
1956,IN,2
1956,Italy,1
1956,LA,1
1956,MA,1
1956,MN,1
1956,MO,4
1956,MS,1
1956,MT,1
1956,NC,2
1956,NE,1
1956,NJ,2
1956,NY,6
1956,OH,1
1956,OK,3
1956,PA,5
1956,Poland,1
1956,Puerto Rico,1
1956,SC,1
1956,TN,1
1956,TX,1
1956,VA,1
1956,Venezuela,1
1956,WA,1
1956,WI,1
1956,WV,1
1957,AL,1
1957,AR,1
1957,CA,6
1957,Cuba,4
1957,Dominican Republic,1
1957,ID,1
1957,IL,6
1957,KS,1
1957,KY,1
1957,LA,1
1957,MA,1
1957,MI,2
1957,MN,2
1957,MO,3
1957,MT,1
1957,NC,1
1957,NE,2
1957,NJ,4
1957,NY,3
1957,OH,4
1957,OK,2
1957,OR,1
1957,PA,2
1957,Puerto Rico,3
1957,SC,2
1957,TX,2
1957,VA,1
1957,VT,2
1957,WI,2
1957,WV,2
1958,AL,3
1958,AR,1
1958,Bahamas,1
1958,CA,8
1958,CT,1
1958,Canada,1
1958,Cuba,1
1958,Dominican Republic,1
1958,FL,1
1958,GA,1
1958,IL,9
1958,IN,3
1958,KS,1
1958,KY,1
1958,MA,2
1958,ME,1
1958,MI,1
1958,MO,1
1958,MT,1
1958,Mexico,1
1958,NC,1
1958,NY,3
1958,OH,2
1958,PA,7
1958,Panama,1
1958,Puerto Rico,1
1958,RI,1
1958,SC,1
1958,TN,3
1958,TX,4
1958,VA,2
1958,VT,1
1958,WA,1
1958,WI,1
1958,WV,2
1959,AL,2
1959,CA,5
1959,Cuba,1
1959,DC,1
1959,GA,1
1959,ID,1
1959,IL,4
1959,LA,2
1959,MA,1
1959,MD,1
1959,MI,2
1959,MO,2
1959,MS,1
1959,NC,3
1959,NE,2
1959,NJ,2
1959,NY,2
1959,OK,4
1959,PA,4
1959,SC,1
1959,SD,1
1959,TN,1
1959,TX,2
1959,VA,2
1960,AL,1
1960,AR,1
1960,AZ,1
1960,Bahamas,1
1960,CA,8
1960,CO,1
1960,Canada,1
1960,Cuba,3
1960,Dominican Republic,2
1960,GA,1
1960,IL,2
1960,KS,3
1960,LA,1
1960,MA,1
1960,MD,2
1960,MI,7
1960,MN,2
1960,MS,1
1960,Mexico,1
1960,NJ,4
1960,NY,4
1960,OH,4
1960,OK,2
1960,PA,3
1960,SC,1
1960,SD,1
1960,TN,3
1960,TX,2
1960,WA,1
1960,WI,1
1960,WY,1
1961,AL,3
1961,AR,1
1961,CA,5
1961,CT,2
1961,Canada,1
1961,Cuba,2
1961,DC,1
1961,Dominican Republic,1
1961,FL,1
1961,GA,1
1961,ID,1
1961,IL,5
1961,Ireland,1
1961,KY,1
1961,LA,1
1961,MA,1
1961,MI,3
1961,MN,1
1961,MO,6
1961,MS,1
1961,NC,4
1961,ND,1
1961,NE,2
1961,NJ,5
1961,NY,6
1961,OH,6
1961,OK,1
1961,PA,10
1961,Puerto Rico,1
1961,RI,1
1961,SC,1
1961,TN,2
1961,TX,1
1961,U. S. Virgin Islands,2
1961,VA,2
1961,Venezuela,1
1961,WA,1
1961,WV,1
1962,AL,2
1962,AR,2
1962,AZ,1
1962,CA,8
1962,Canada,4
1962,Cuba,4
1962,DC,2
1962,Dominican Republic,3
1962,FL,2
1962,GA,2
1962,IA,3
1962,IL,9
1962,IN,1
1962,KS,2
1962,KY,3
1962,MA,1
1962,MD,2
1962,MI,3
1962,MO,4
1962,NC,1
1962,NJ,5
1962,NY,10
1962,OH,6
1962,PA,7
1962,Puerto Rico,2
1962,RI,1
1962,SC,2
1962,TN,3
1962,TX,2
1962,VA,2
1962,WA,2
1962,WI,3
1962,WV,1
1963,AL,2
1963,AR,2
1963,CA,9
1963,CT,1
1963,Canada,3
1963,Cuba,2
1963,Dominican Republic,1
1963,FL,1
1963,GA,1
1963,IL,1
1963,LA,2
1963,MA,3
1963,MD,1
1963,MI,4
1963,MO,2
1963,MT,1
1963,NC,3
1963,NJ,1
1963,NY,6
1963,OH,4
1963,OK,4
1963,OR,1
1963,PA,7
1963,Puerto Rico,1
1963,SC,3
1963,TN,2
1963,TX,4
1963,Venezuela,1
1963,WI,2
1963,WV,1
1964,AL,2
1964,AR,1
1964,CA,2
1964,CO,1
1964,CT,1
1964,Canada,1
1964,Cuba,5
1964,DC,1
1964,Dominican Republic,3
1964,GA,1
1964,IA,4
1964,IL,6
1964,IN,3
1964,KS,1
1964,KY,1
1964,MA,2
1964,MI,5
1964,MO,4
1964,MS,2
1964,NC,2
1964,NM,1
1964,NY,5
1964,OH,5
1964,OK,3
1964,OR,1
1964,PA,4
1964,Panama,1
1964,Puerto Rico,1
1964,TN,1
1964,TX,4
1964,VA,4
1964,WA,3
1964,WI,3
1964,WV,1
1965,AL,1
1965,AR,2
1965,CA,16
1965,CT,1
1965,Cuba,3
1965,DE,1
1965,Dominican Republic,1
1965,FL,1
1965,GA,1
1965,Germany,1
1965,IA,1
1965,IL,2
1965,IN,3
1965,Japan,1
1965,KS,2
1965,LA,1
1965,MA,1
1965,MD,3
1965,ME,1
1965,MI,4
1965,MO,2
1965,NC,2
1965,NE,1
1965,NJ,3
1965,NV,1
1965,NY,3
1965,OH,4
1965,OK,2
1965,OR,1
1965,PA,3
1965,Puerto Rico,1
1965,TN,1
1965,TX,3
1965,VA,1
1965,WA,1
1965,WV,1
1966,AL,3
1966,AZ,1
1966,CA,10
1966,CT,2
1966,Canada,3
1966,Cuba,5
1966,DC,2
1966,FL,1
1966,GA,1
1966,IA,3
1966,IL,4
1966,KS,1
1966,KY,2
1966,LA,1
1966,MA,1
1966,MI,2
1966,MO,8
1966,MS,1
1966,NC,3
1966,NE,1
1966,NJ,1
1966,NV,1
1966,NY,4
1966,OH,1
1966,PA,5
1966,Panama,2
1966,SC,1
1966,TN,2
1966,TX,2
1966,U. S. Virgin Islands,1
1966,UT,1
1966,VA,2
1966,Venezuela,1
1966,WI,2
1967,AL,3
1967,AR,2
1967,AZ,1
1967,CA,16
1967,CT,1
1967,Canada,1
1967,FL,1
1967,GA,1
1967,IA,2
1967,IL,2
1967,IN,2
1967,KY,2
1967,LA,1
1967,MA,3
1967,MD,1
1967,ME,1
1967,MI,3
1967,MO,1
1967,NC,1
1967,NJ,2
1967,NY,3
1967,OH,5
1967,PA,6
1967,Panama,1
1967,Puerto Rico,2
1967,TN,2
1967,TX,3
1967,VA,2
1967,WA,1
1967,WI,2
1967,WV,1
1968,AL,1
1968,CA,12
1968,CT,2
1968,Cuba,2
1968,DE,1
1968,Dominican Republic,1
1968,FL,2
1968,GA,1
1968,HI,1
1968,IA,4
1968,IL,2
1968,IN,2
1968,LA,2
1968,MA,2
1968,MI,1
1968,MN,2
1968,Mexico,3
1968,NJ,3
1968,NY,6
1968,OH,5
1968,OK,4
1968,PA,4
1968,Puerto Rico,1
1968,SC,2
1968,TN,2
1968,TX,6
1968,U. S. Virgin Islands,1
1968,VA,1
1969,AL,3
1969,AZ,2
1969,CA,18
1969,CO,1
1969,CT,1
1969,Canada,2
1969,Cuba,2
1969,DC,2
1969,Dominican Republic,1
1969,FL,3
1969,IA,1
1969,ID,1
1969,IL,4
1969,IN,2
1969,KS,5
1969,KY,1
1969,LA,3
1969,MA,5
1969,MD,2
1969,MI,1
1969,MO,4
1969,MS,5
1969,MT,1
1969,Mexico,1
1969,NC,4
1969,NE,1
1969,NJ,3
1969,NY,4
1969,OH,10
1969,OK,3
1969,OR,1
1969,PA,4
1969,Panama,3
1969,Puerto Rico,3
1969,RI,1
1969,TN,1
1969,TX,4
1969,UT,1
1969,VA,1
1969,Venezuela,2
1969,WI,1
1969,WV,1
1970,AL,2
1970,CA,18
1970,CO,3
1970,CT,1
1970,Dominican Republic,2
1970,FL,3
1970,IA,1
1970,IL,2
1970,KS,1
1970,KY,3
1970,LA,2
1970,MA,3
1970,MD,1
1970,ME,1
1970,MI,5
1970,MO,3
1970,MS,1
1970,Mexico,1
1970,NC,2
1970,NJ,2
1970,NY,7
1970,Netherlands,1
1970,OH,5
1970,OK,4
1970,PA,2
1970,Puerto Rico,1
1970,SD,2
1970,TX,5
1970,VA,1
1970,Venezuela,4
1970,WA,4
1970,WV,1
1971,AL,2
1971,CA,27
1971,CO,2
1971,CT,1
1971,Canada,1
1971,DC,1
1971,DE,1
1971,Dominican Republic,1
1971,FL,5
1971,GA,1
1971,HI,1
1971,IA,2
1971,IL,3
1971,IN,1
1971,KS,1
1971,LA,2
1971,MD,1
1971,MI,1
1971,MO,2
1971,MT,1
1971,NJ,4
1971,NY,5
1971,OH,4
1971,PA,1
1971,Panama,1
1971,Puerto Rico,6
1971,TN,2
1971,TX,2
1971,VA,1
1971,Venezuela,1
1971,WA,2
1971,WI,2
1971,WV,1
1972,AL,2
1972,AZ,1
1972,CA,25
1972,CO,1
1972,Dominican Republic,3
1972,GA,1
1972,IA,2
1972,IL,7
1972,IN,1
1972,KS,1
1972,LA,1
1972,MA,3
1972,MI,3
1972,MN,1
1972,MS,1
1972,Mexico,1
1972,NC,6
1972,NJ,1
1972,NY,2
1972,OH,3
1972,OK,2
1972,OR,2
1972,PA,3
1972,Panama,2
1972,Puerto Rico,3
1972,SC,2
1972,SD,1
1972,TN,1
1972,TX,6
1972,VA,2
1972,VT,1
1972,WA,2
1973,AL,2
1973,AZ,1
1973,CA,19
1973,CT,1
1973,Dominican Republic,3
1973,GA,1
1973,HI,1
1973,IA,1
1973,ID,1
1973,IL,5
1973,IN,3
1973,KS,1
1973,KY,1
1973,LA,1
1973,MA,2
1973,MD,1
1973,MI,3
1973,MN,3
1973,MO,1
1973,MS,2
1973,Mexico,2
1973,NC,4
1973,ND,1
1973,NM,1
1973,NY,4
1973,OH,4
1973,OK,2
1973,OR,1
1973,PA,5
1973,Puerto Rico,3
1973,RI,1
1973,SC,2
1973,TX,4
1973,VA,4
1973,WA,4
1973,WV,1
1974,AL,1
1974,AR,1
1974,AZ,1
1974,American Samoa,1
1974,CA,14
1974,Canada,1
1974,Cuba,1
1974,DC,1
1974,Dominican Republic,1
1974,FL,3
1974,GA,2
1974,IL,5
1974,IN,2
1974,KS,1
1974,KY,1
1974,MA,3
1974,MD,2
1974,MI,5
1974,MO,2
1974,Mexico,3
1974,NC,3
1974,NJ,4
1974,NY,4
1974,OH,3
1974,PA,6
1974,Puerto Rico,5
1974,SC,1
1974,TN,3
1974,TX,6
1974,UT,1
1974,VA,3
1974,Venezuela,1
1974,WA,1
1974,WI,2
1974,WV,2
1974,WY,1
1975,AL,2
1975,AR,1
1975,AZ,1
1975,CA,18
1975,CO,1
1975,Canada,1
1975,Colombia,1
1975,Dominican Republic,1
1975,FL,4
1975,GA,2
1975,IL,4
1975,IN,2
1975,LA,2
1975,MA,3
1975,MD,1
1975,ME,1
1975,MI,9
1975,MN,1
1975,MO,4
1975,MS,3
1975,MT,1
1975,NE,1
1975,NJ,2
1975,NY,7
1975,OH,5
1975,PA,2
1975,Puerto Rico,2
1975,SC,2
1975,SD,1
1975,TN,1
1975,TX,2
1975,U. S. Virgin Islands,1
1975,VA,1
1975,Venezuela,1
1975,WA,1
1975,WI,2
1975,WV,1
1976,AL,1
1976,AR,2
1976,Bahamas,1
1976,CA,13
1976,CO,1
1976,CT,1
1976,Canada,3
1976,Dominican Republic,4
1976,FL,1
1976,GA,1
1976,Germany,1
1976,IA,1
1976,IL,2
1976,IN,2
1976,KS,1
1976,KY,2
1976,MA,4
1976,MD,1
1976,MI,2
1976,MN,1
1976,MO,2
1976,MS,2
1976,Mexico,3
1976,NC,1
1976,NH,1
1976,NY,4
1976,OH,3
1976,OK,1
1976,OR,1
1976,PA,8
1976,Puerto Rico,3
1976,SC,2
1976,TN,1
1976,TX,5
1976,UT,1
1976,VA,1
1976,Venezuela,1
1976,WA,1
1976,WI,2
1977,AK,1
1977,AL,2
1977,CA,31
1977,CT,1
1977,Canada,2
1977,Cuba,1
1977,DC,1
1977,Dominican Republic,3
1977,FL,3
1977,GA,2
1977,HI,2
1977,IA,1
1977,IL,4
1977,IN,1
1977,KY,1
1977,LA,2
1977,MD,3
1977,ME,1
1977,MI,5
1977,MN,1
1977,MO,2
1977,MS,2
1977,Mexico,2
1977,NE,1
1977,NJ,2
1977,NY,8
1977,Nicaragua,1
1977,OH,7
1977,OK,5
1977,PA,3
1977,Panama,1
1977,Puerto Rico,2
1977,RI,1
1977,SC,2
1977,SD,1
1977,TN,3
1977,TX,11
1977,VA,3
1977,Venezuela,2
1977,WA,1
1978,AL,5
1978,AZ,1
1978,CA,21
1978,CO,1
1978,Dominican Republic,5
1978,FL,3
1978,France,1
1978,GA,1
1978,Germany,1
1978,IL,4
1978,IN,1
1978,KS,2
1978,KY,1
1978,MA,1
1978,MI,6
1978,MN,2
1978,MO,2
1978,Mexico,1
1978,NC,1
1978,ND,1
1978,NH,1
1978,NJ,5
1978,NY,5
1978,OH,4
1978,OK,1
1978,OR,2
1978,PA,2
1978,TN,3
1978,TX,6
1978,United Kingdom,1
1978,VA,1
1978,WA,2
1978,WI,3
1979,AL,1
1979,AR,1
1979,AZ,1
1979,CA,20
1979,CO,1
1979,CT,1
1979,Dominican Republic,3
1979,FL,4
1979,GA,1
1979,IL,8
1979,IN,3
1979,KS,1
1979,KY,1
1979,LA,2
1979,MD,1
1979,MI,3
1979,MO,3
1979,Mexico,1
1979,NC,5
1979,NJ,1
1979,NY,2
1979,OH,6
1979,OK,3
1979,OR,1
1979,PA,6
1979,Puerto Rico,2
1979,SC,2
1979,TX,4
1979,VA,1
1979,VT,1
1979,Venezuela,1
1980,AL,2
1980,AR,2
1980,AZ,2
1980,CA,14
1980,CO,1
1980,Cuba,1
1980,DE,1
1980,Dominican Republic,4
1980,FL,2
1980,France,1
1980,GA,1
1980,IL,6
1980,IN,2
1980,KY,2
1980,LA,1
1980,MA,1
1980,MD,1
1980,ME,2
1980,MI,3
1980,MN,1
1980,MO,2
1980,MT,1
1980,NC,2
1980,NH,1
1980,NJ,2
1980,NY,5
1980,Netherlands,1
1980,OH,5
1980,OK,1
1980,PA,2
1980,Panama,1
1980,Puerto Rico,3
1980,SC,2
1980,TN,1
1980,TX,3
1980,VA,3
1980,Venezuela,2
1980,WV,1
1980,WY,1
1981,AL,1
1981,CA,19
1981,Canada,1
1981,DE,1
1981,Dominican Republic,3
1981,FL,2
1981,IA,1
1981,ID,1
1981,IL,2
1981,MA,2
1981,MI,2
1981,MO,3
1981,Mexico,1
1981,NY,5
1981,OH,3
1981,OK,2
1981,PA,5
1981,Puerto Rico,3
1981,SC,1
1981,TX,3
1981,UT,1
1981,United Kingdom,1
1982,AL,1
1982,AR,1
1982,CA,27
1982,Canada,1
1982,Dominican Republic,2
1982,FL,5
1982,GA,3
1982,Germany,1
1982,IA,1
1982,ID,2
1982,IL,8
1982,Jamaica,1
1982,KS,1
1982,KY,1
1982,LA,1
1982,MA,1
1982,MI,4
1982,MN,4
1982,MO,3
1982,Mexico,3
1982,NE,1
1982,NJ,3
1982,NY,7
1982,OH,10
1982,OK,2
1982,OR,2
1982,PA,2
1982,Puerto Rico,3
1982,SD,1
1982,TX,5
1982,VA,1
1982,Venezuela,2
1982,WA,2
1983,AL,2
1983,AR,1
1983,AZ,1
1983,CA,26
1983,CO,1
1983,CT,1
1983,Cuba,1
1983,DE,1
1983,Dominican Republic,6
1983,FL,4
1983,GA,1
1983,Germany,1
1983,HI,1
1983,IA,1
1983,ID,1
1983,IL,4
1983,IN,3
1983,KY,1
1983,LA,1
1983,MA,1
1983,MD,2
1983,ME,1
1983,MI,3
1983,MO,1
1983,NC,1
1983,NE,1
1983,NJ,1
1983,NY,6
1983,Nicaragua,1
1983,OH,1
1983,OK,5
1983,OR,1
1983,PA,5
1983,Puerto Rico,5
1983,SC,1
1983,TN,1
1983,TX,11
1983,United Kingdom,1
1983,VA,2
1983,VT,1
1983,Venezuela,1
1983,WA,2
1983,WI,1
1984,AL,2
1984,AR,1
1984,CA,27
1984,CO,1
1984,CT,3
1984,Canada,1
1984,Colombia,1
1984,Cuba,1
1984,Dominican Republic,6
1984,FL,5
1984,GA,1
1984,HI,2
1984,ID,1
1984,IL,8
1984,IN,2
1984,LA,1
1984,MA,3
1984,MD,3
1984,MI,2
1984,MN,3
1984,MO,3
1984,MT,1
1984,Mexico,1
1984,NC,1
1984,NE,2
1984,NJ,1
1984,NY,8
1984,OH,2
1984,OK,2
1984,PA,5
1984,Puerto Rico,8
1984,TX,2
1984,United Kingdom,1
1984,VA,3
1984,Venezuela,1
1984,WA,1
1985,AK,1
1985,AL,2
1985,AZ,1
1985,CA,22
1985,CO,2
1985,Canada,2
1985,DC,1
1985,Dominican Republic,6
1985,FL,6
1985,France,1
1985,GA,2
1985,HI,2
1985,IA,1
1985,IL,3
1985,IN,1
1985,KS,1
1985,MA,1
1985,MI,3
1985,MO,1
1985,MS,1
1985,Mexico,1
1985,NC,3
1985,NE,1
1985,NJ,3
1985,NY,8
1985,OH,3
1985,OK,3
1985,OR,2
1985,PA,7
1985,Puerto Rico,1
1985,SC,3
1985,TN,2
1985,TX,2
1985,United Kingdom,1
1985,VA,3
1985,Venezuela,2
1985,WA,1
1985,WI,1
1986,AK,1
1986,AL,1
1986,CA,27
1986,CO,1
1986,CT,1
1986,Canada,1
1986,Cuba,1
1986,DC,1
1986,Dominican Republic,3
1986,FL,4
1986,GA,5
1986,IL,3
1986,IN,1
1986,KS,2
1986,MA,2
1986,MD,1
1986,MI,4
1986,MN,1
1986,MO,3
1986,MS,3
1986,Mexico,1
1986,NC,4
1986,NH,1
1986,NJ,3
1986,NM,1
1986,NY,5
1986,OH,7
1986,OK,1
1986,OR,2
1986,PA,5
1986,Puerto Rico,8
1986,SC,1
1986,Spain,1
1986,TN,2
1986,TX,7
1986,UT,2
1986,VA,3
1986,Venezuela,1
1986,WA,1
1986,WV,1
1987,AL,1
1987,AR,1
1987,CA,30
1987,CO,1
1987,CT,1
1987,Cuba,1
1987,Dominican Republic,5
1987,FL,6
1987,GA,1
1987,IA,1
1987,IL,3
1987,IN,3
1987,KS,1
1987,KY,6
1987,LA,2
1987,MA,1
1987,MD,2
1987,MI,5
1987,MN,1
1987,MO,5
1987,MS,2
1987,MT,1
1987,NC,5
1987,NJ,4
1987,NY,12
1987,OH,4
1987,OK,1
1987,OR,1
1987,PA,6
1987,Puerto Rico,4
1987,SC,3
1987,TN,2
1987,TX,5
1987,U. S. Virgin Islands,2
1987,VA,1
1987,Venezuela,4
1987,WA,3
1987,WY,1
1988,AL,1
1988,AR,1
1988,AZ,2
1988,CA,16
1988,CO,1
1988,CT,1
1988,Cuba,1
1988,Dominican Republic,6
1988,FL,6
1988,GA,2
1988,HI,1
1988,IL,2
1988,IN,2
1988,KY,1
1988,LA,1
1988,MA,1
1988,MD,2
1988,ME,1
1988,MI,3
1988,Mexico,3
1988,NC,1
1988,NH,1
1988,NJ,6
1988,NM,1
1988,NY,5
1988,OH,6
1988,OK,2
1988,OR,1
1988,PA,6
1988,Puerto Rico,2
1988,SC,2
1988,TN,2
1988,TX,5
1988,Venezuela,1
1988,WA,2
1989,AL,3
1989,CA,20
1989,CO,1
1989,Canada,2
1989,Cuba,1
1989,Dominican Republic,7
1989,FL,11
1989,GA,4
1989,IL,8
1989,IN,3
1989,Jamaica,1
1989,LA,6
1989,MA,4
1989,MI,4
1989,MN,1
1989,MS,2
1989,NC,2
1989,NE,3
1989,NJ,4
1989,NY,9
1989,OH,4
1989,OK,1
1989,PA,1
1989,Panama,1
1989,Puerto Rico,6
1989,SC,5
1989,Spain,1
1989,TN,4
1989,TX,5
1989,UT,1
1989,VA,1
1989,Venezuela,3
1989,WA,1
1989,WI,3
1989,WV,1
1989,WY,1
1990,AK,1
1990,AL,2
1990,AR,2
1990,AZ,1
1990,CA,26
1990,Canada,1
1990,Cuba,2
1990,DE,1
1990,Dominican Republic,4
1990,FL,6
1990,GA,1
1990,Germany,1
1990,IA,2
1990,IL,3
1990,IN,3
1990,KY,3
1990,LA,2
1990,MA,2
1990,MD,2
1990,MI,1
1990,MN,1
1990,MO,3
1990,NC,3
1990,NE,2
1990,NJ,1
1990,NM,1
1990,NV,1
1990,NY,4
1990,OH,4
1990,OK,1
1990,OR,2
1990,PA,5
1990,Puerto Rico,3
1990,RI,3
1990,TN,2
1990,TX,9
1990,VA,1
1990,Venezuela,4
1990,WA,2
1991,AL,1
1991,AR,1
1991,AZ,1
1991,Australia,1
1991,Belize,1
1991,CA,29
1991,CO,3
1991,CT,3
1991,Canada,3
1991,Cuba,1
1991,Curacao,1
1991,DC,1
1991,Dominican Republic,9
1991,FL,9
1991,GA,6
1991,HI,1
1991,IL,8
1991,IN,2
1991,Japan,1
1991,KS,1
1991,KY,1
1991,LA,2
1991,MA,4
1991,MD,3
1991,ME,1
1991,MI,3
1991,MO,2
1991,NC,3
1991,NE,1
1991,NH,1
1991,NJ,1
1991,NY,7
1991,OH,7
1991,OR,2
1991,PA,6
1991,Puerto Rico,7
1991,SD,1
1991,TN,2
1991,TX,9
1991,Venezuela,4
1992,AL,1
1992,AR,2
1992,AZ,1
1992,Australia,1
1992,CA,21
1992,Cuba,2
1992,Dominican Republic,5
1992,FL,7
1992,GA,3
1992,IA,2
1992,IL,4
1992,IN,4
1992,LA,4
1992,MA,5
1992,MD,3
1992,ME,1
1992,MI,4
1992,MN,2
1992,MO,4
1992,Mexico,1
1992,NC,1
1992,NJ,4
1992,NY,8
1992,OH,3
1992,OK,2
1992,OR,3
1992,PA,3
1992,Puerto Rico,6
1992,SC,1
1992,TX,11
1992,United Kingdom,1
1992,VA,2
1992,Venezuela,2
1992,WI,2
1993,AL,1
1993,Australia,1
1993,CA,34
1993,CO,1
1993,CT,2
1993,Canada,3
1993,Cuba,4
1993,DE,1
1993,Dominican Republic,3
1993,FL,7
1993,GA,4
1993,Germany,1
1993,HI,1
1993,IA,2
1993,IL,6
1993,IN,3
1993,KS,2
1993,KY,1
1993,LA,3
1993,MA,5
1993,MD,2
1993,MI,6
1993,MN,2
1993,MO,3
1993,MS,1
1993,Mexico,1
1993,NC,1
1993,NE,1
1993,NH,2
1993,NJ,3
1993,NY,6
1993,OH,7
1993,OK,3
1993,OR,1
1993,PA,6
1993,Puerto Rico,3
1993,RI,1
1993,TN,2
1993,TX,11
1993,VA,2
1993,Venezuela,2
1993,WA,2
1993,WI,3
1993,WY,1
1994,AL,2
1994,AZ,1
1994,Afghanistan,1
1994,CA,25
1994,CO,2
1994,Cuba,1
1994,Dominican Republic,12
1994,FL,7
1994,IA,2
1994,IL,11
1994,IN,1
1994,KY,3
1994,LA,1
1994,MA,3
1994,MD,1
1994,MI,3
1994,Mexico,4
1994,NC,1
1994,ND,1
1994,NJ,3
1994,NY,9
1994,OH,3
1994,OK,3
1994,PA,1
1994,Puerto Rico,5
1994,RI,1
1994,SC,1
1994,TN,1
1994,TX,2
1994,United Kingdom,1
1994,VA,1
1994,Venezuela,2
1995,AL,2
1995,AZ,1
1995,CA,31
1995,CT,2
1995,Cuba,2
1995,DE,1
1995,Dominican Republic,15
1995,FL,10
1995,GA,3
1995,IL,7
1995,IN,1
1995,Japan,2
1995,KS,2
1995,KY,2
1995,LA,4
1995,MA,3
1995,MD,2
1995,MI,1
1995,MO,4
1995,MS,3
1995,Mexico,4
1995,NC,6
1995,NE,1
1995,NJ,1
1995,NV,2
1995,NY,4
1995,OH,8
1995,OK,2
1995,OR,2
1995,PA,5
1995,Panama,2
1995,Puerto Rico,1
1995,SC,3
1995,TN,3
1995,TX,5
1995,U. S. Virgin Islands,1
1995,VA,2
1995,Venezuela,7
1995,WA,1
1995,WI,2
1995,WV,1
1996,AL,4
1996,AR,1
1996,AZ,3
1996,Australia,1
1996,CA,24
1996,CO,1
1996,Canada,2
1996,Colombia,1
1996,Cuba,3
1996,DC,2
1996,Dominican Republic,10
1996,FL,3
1996,GA,2
1996,Germany,1
1996,IA,3
1996,ID,1
1996,IL,11
1996,IN,4
1996,KS,1
1996,KY,4
1996,LA,4
1996,MA,4
1996,MI,5
1996,MN,3
1996,MO,3
1996,MS,2
1996,MT,1
1996,Mexico,5
1996,NC,3
1996,ND,1
1996,NE,1
1996,NJ,4
1996,NV,1
1996,NY,6
1996,Netherlands,1
1996,Nicaragua,1
1996,OH,9
1996,OK,1
1996,OR,2
1996,PA,5
1996,Panama,2
1996,Philippines,1
1996,Puerto Rico,4
1996,SC,3
1996,TN,1
1996,TX,7
1996,VA,4
1996,Venezuela,8
1996,WI,1
1997,AL,1
1997,Aruba,1
1997,Belgium,1
1997,CA,12
1997,Canada,4
1997,Cuba,2
1997,Curacao,1
1997,DE,2
1997,Dominican Republic,21
1997,FL,3
1997,GA,1
1997,IL,7
1997,IN,2
1997,Japan,3
1997,KS,1
1997,LA,2
1997,MA,1
1997,MD,3
1997,ME,1
1997,MI,2
1997,MN,2
1997,MS,3
1997,Mexico,2
1997,NC,5
1997,NE,1
1997,NH,1
1997,NJ,4
1997,NM,1
1997,NY,10
1997,Netherlands,1
1997,OH,6
1997,OK,5
1997,OR,2
1997,PA,6
1997,Puerto Rico,7
1997,SC,3
1997,SD,1
1997,TN,2
1997,TX,3
1997,VA,4
1997,Venezuela,3
1997,Viet Nam,1
1997,WA,3
1997,WI,2
1998,AL,3
1998,AR,1
1998,AZ,1
1998,Aruba,1
1998,Australia,1
1998,CA,29
1998,CO,1
1998,CT,5
1998,Canada,3
1998,Colombia,1
1998,Cuba,5
1998,DC,1
1998,Dominican Republic,15
1998,FL,3
1998,GA,5
1998,IL,6
1998,IN,2
1998,Japan,1
1998,KS,3
1998,KY,1
1998,LA,4
1998,MD,2
1998,MI,3
1998,MO,3
1998,MS,1
1998,Mexico,5
1998,NC,3
1998,NJ,5
1998,NY,8
1998,OH,1
1998,OR,2
1998,PA,2
1998,Panama,2
1998,Puerto Rico,3
1998,RI,1
1998,SC,1
1998,SD,1
1998,TN,3
1998,TX,6
1998,VA,2
1998,VT,1
1998,Venezuela,6
1998,WA,2
1998,WI,2
1999,AL,1
1999,AR,1
1999,AZ,1
1999,CA,21
1999,CO,1
1999,CT,1
1999,Canada,2
1999,Cuba,1
1999,Curacao,1
1999,Dominican Republic,19
1999,FL,4
1999,GA,4
1999,HI,2
1999,IA,3
1999,ID,1
1999,IL,4
1999,IN,1
1999,Japan,2
1999,KS,1
1999,KY,3
1999,LA,3
1999,MA,6
1999,MD,2
1999,MI,4
1999,MO,1
1999,MS,2
1999,Mexico,2
1999,NC,2
1999,NE,2
1999,NJ,2
1999,NY,5
1999,OH,6
1999,OK,1
1999,OR,2
1999,PA,6
1999,Panama,5
1999,Puerto Rico,6
1999,SC,3
1999,TN,1
1999,TX,12
1999,United Kingdom,1
1999,VA,2
1999,Venezuela,4
1999,WA,3
1999,WV,1
2000,AL,3
2000,AR,1
2000,AZ,1
2000,Aruba,1
2000,Australia,1
2000,CA,24
2000,Canada,2
2000,Dominican Republic,11
2000,FL,5
2000,GA,2
2000,IL,7
2000,IN,1
2000,Japan,2
2000,KY,1
2000,MA,3
2000,MN,1
2000,MO,2
2000,MS,1
2000,Mexico,1
2000,NJ,2
2000,NV,1
2000,NY,7
2000,Nicaragua,1
2000,OH,3
2000,OK,1
2000,OR,1
2000,PA,6
2000,Panama,1
2000,Puerto Rico,6
2000,RI,1
2000,SC,1
2000,TN,1
2000,TX,9
2000,UT,1
2000,VA,2
2000,Venezuela,6
2000,WA,4
2000,WI,1
2001,AK,1
2001,AR,2
2001,AZ,1
2001,Australia,1
2001,CA,24
2001,Canada,3
2001,Cuba,2
2001,DC,1
2001,Dominican Republic,13
2001,FL,4
2001,GA,3
2001,IA,1
2001,IL,9
2001,IN,2
2001,Japan,2
2001,KS,2
2001,KY,1
2001,LA,3
2001,MA,3
2001,MD,1
2001,MI,3
2001,MN,1
2001,MO,1
2001,MS,4
2001,NC,3
2001,NJ,2
2001,NM,1
2001,NV,1
2001,NY,4
2001,OH,10
2001,OK,1
2001,OR,1
2001,PA,4
2001,Panama,1
2001,Puerto Rico,10
2001,SC,2
2001,Singapore,1
2001,TN,2
2001,TX,7
2001,UT,2
2001,VA,4
2001,Venezuela,6
2001,WA,2
2001,WV,2
2002,AK,1
2002,AL,2
2002,AZ,2
2002,Australia,1
2002,CA,30
2002,CT,2
2002,Canada,1
2002,Cuba,3
2002,DE,2
2002,Dominican Republic,11
2002,FL,7
2002,GA,4
2002,Germany,1
2002,HI,1
2002,IA,2
2002,IL,5
2002,Japan,2
2002,KS,4
2002,KY,4
2002,LA,1
2002,MA,4
2002,MD,1
2002,ME,1
2002,MI,2
2002,MO,3
2002,MS,1
2002,Mexico,2
2002,NC,2
2002,NE,1
2002,NH,1
2002,NJ,3
2002,NY,4
2002,Nicaragua,1
2002,OH,4
2002,OR,2
2002,PA,5
2002,Puerto Rico,2
2002,SC,3
2002,SD,1
2002,TN,1
2002,TX,7
2002,UT,2
2002,VA,1
2002,Venezuela,9
2002,WA,3
2002,WI,1
2002,WV,1
2003,AL,3
2003,AZ,1
2003,Australia,1
2003,CA,25
2003,CO,1
2003,CT,1
2003,Canada,2
2003,Cuba,3
2003,DC,1
2003,Dominican Republic,18
2003,FL,12
2003,GA,5
2003,HI,2
2003,IA,2
2003,IL,5
2003,IN,3
2003,Japan,2
2003,KS,2
2003,KY,2
2003,LA,1
2003,MA,1
2003,MD,2
2003,MO,2
2003,Mexico,3
2003,NC,3
2003,ND,1
2003,NE,1
2003,NJ,2
2003,NM,1
2003,NV,1
2003,NY,2
2003,OH,3
2003,OK,2
2003,OR,1
2003,PA,1
2003,Puerto Rico,9
2003,RI,1
2003,SC,1
2003,South Korea,2
2003,TN,3
2003,TX,11
2003,VA,2
2003,Venezuela,12
2003,WA,4
2003,WI,1
2003,WV,2
2004,AL,1
2004,AZ,2
2004,Australia,1
2004,CA,25
2004,CO,1
2004,CT,1
2004,Canada,4
2004,Cuba,2
2004,Dominican Republic,11
2004,FL,12
2004,GA,1
2004,HI,1
2004,IA,1
2004,IL,8
2004,Japan,6
2004,KY,2
2004,LA,2
2004,MA,3
2004,MI,1
2004,MN,2
2004,MO,4
2004,MS,3
2004,Mexico,2
2004,NC,2
2004,NJ,1
2004,NY,6
2004,OH,4
2004,OK,1
2004,OR,1
2004,PA,4
2004,Puerto Rico,3
2004,SD,2
2004,TN,2
2004,TX,10
2004,U. S. Virgin Islands,1
2004,VA,2
2004,Venezuela,9
2004,WA,2
2004,WV,1
2004,WY,1
2005,AK,1
2005,AR,1
2005,Australia,1
2005,CA,25
2005,CO,1
2005,Canada,4
2005,Colombia,1
2005,Cuba,2
2005,DE,1
2005,Dominican Republic,25
2005,FL,13
2005,GA,2
2005,Germany,2
2005,IL,3
2005,IN,4
2005,Japan,2
2005,KS,2
2005,KY,3
2005,LA,3
2005,MA,1
2005,MD,3
2005,ME,1
2005,MI,1
2005,MN,3
2005,MO,1
2005,MS,1
2005,Mexico,3
2005,NC,4
2005,ND,1
2005,NE,2
2005,NJ,1
2005,NV,1
2005,NY,3
2005,OH,3
2005,OK,2
2005,OR,1
2005,PA,2
2005,Puerto Rico,1
2005,TX,12
2005,UT,2
2005,VA,1
2005,Venezuela,9
2005,WA,3
2005,WI,2
2005,WV,1
2006,AL,4
2006,AR,2
2006,AZ,4
2006,CA,20
2006,CO,2
2006,CT,1
2006,Canada,2
2006,Colombia,1
2006,Cuba,1
2006,Dominican Republic,27
2006,FL,10
2006,GA,12
2006,HI,3
2006,IL,6
2006,Japan,2
2006,KS,2
2006,KY,4
2006,LA,3
2006,MA,2
2006,MD,2
2006,MI,3
2006,MN,1
2006,MO,3
2006,MS,1
2006,NC,2
2006,ND,1
2006,NE,1
2006,NJ,1
2006,NM,1
2006,NV,2
2006,NY,3
2006,OH,4
2006,OK,3
2006,PA,2
2006,Panama,1
2006,Puerto Rico,7
2006,SC,1
2006,SD,1
2006,TN,1
2006,TX,7
2006,VA,7
2006,VT,1
2006,Venezuela,7
2006,WA,3
2007,AL,1
2007,AR,1
2007,AZ,3
2007,Australia,1
2007,CA,28
2007,CO,1
2007,CT,1
2007,Canada,4
2007,Cuba,1
2007,Dominican Republic,12
2007,FL,11
2007,GA,1
2007,HI,1
2007,IA,1
2007,ID,1
2007,IL,5
2007,IN,3
2007,Indonesia,1
2007,Ireland,1
2007,Japan,4
2007,KS,1
2007,KY,3
2007,LA,3
2007,MA,1
2007,MD,1
2007,MI,1
2007,MN,1
2007,MO,4
2007,MT,1
2007,Mexico,3
2007,NC,1
2007,NE,2
2007,NH,1
2007,NJ,2
2007,NV,1
2007,NY,6
2007,OH,8
2007,OK,3
2007,OR,2
2007,PA,3
2007,Panama,2
2007,Puerto Rico,3
2007,RI,1
2007,SC,1
2007,TN,2
2007,TX,13
2007,VA,1
2007,Venezuela,8
2007,WA,3
2007,WI,2
2007,WV,1
2008,AL,3
2008,AZ,1
2008,Australia,1
2008,CA,26
2008,CO,2
2008,CT,2
2008,Canada,1
2008,Curacao,2
2008,DC,1
2008,DE,1
2008,Dominican Republic,14
2008,FL,14
2008,GA,4
2008,IA,2
2008,IL,2
2008,IN,2
2008,Jamaica,2
2008,Japan,3
2008,KS,3
2008,KY,1
2008,LA,1
2008,MA,3
2008,MD,4
2008,MI,1
2008,MN,1
2008,MO,7
2008,Mexico,4
2008,NC,2
2008,NV,1
2008,NY,6
2008,Nicaragua,1
2008,Norway,1
2008,OH,2
2008,OK,2
2008,OR,4
2008,PA,1
2008,Panama,1
2008,Puerto Rico,1
2008,SC,1
2008,SD,1
2008,TN,1
2008,TX,12
2008,United Kingdom,1
2008,VA,1
2008,Venezuela,11
2008,WA,1
2008,WI,1
2009,AK,1
2009,AR,2
2009,AZ,3
2009,Australia,1
2009,CA,28
2009,CO,1
2009,Canada,7
2009,Cuba,2
2009,Curacao,2
2009,DC,1
2009,Dominican Republic,21
2009,FL,11
2009,GA,9
2009,IA,1
2009,IL,6
2009,IN,6
2009,Japan,4
2009,KS,2
2009,KY,3
2009,LA,3
2009,MD,5
2009,MI,5
2009,MO,6
2009,MS,7
2009,MT,1
2009,Mexico,3
2009,NC,3
2009,NE,1
2009,NH,1
2009,NJ,6
2009,NY,7
2009,Nicaragua,1
2009,OH,8
2009,OK,3
2009,OR,2
2009,PA,5
2009,Puerto Rico,5
2009,SC,2
2009,TN,4
2009,TX,22
2009,U. S. Virgin Islands,1
2009,VA,3
2009,VT,1
2009,Venezuela,13
2009,WA,6
2009,WI,2
2010,AK,1
2010,AL,1
2010,AR,1
2010,Australia,1
2010,CA,26
2010,CO,5
2010,CT,1
2010,Canada,3
2010,Colombia,1
2010,Cuba,4
2010,Dominican Republic,16
2010,FL,11
2010,GA,6
2010,HI,1
2010,IL,6
2010,IN,3
2010,Japan,3
2010,KY,1
2010,LA,3
2010,MA,1
2010,MD,1
2010,MI,1
2010,MO,3
2010,MS,3
2010,Mexico,2
2010,NC,1
2010,NJ,3
2010,NM,1
2010,NY,3
2010,Nicaragua,1
2010,OH,2
2010,OK,1
2010,OR,2
2010,PA,4
2010,Panama,1
2010,Puerto Rico,2
2010,SC,2
2010,TX,18
2010,UT,1
2010,VA,3
2010,Venezuela,7
2010,WA,1
2010,WI,2
2011,AL,2
2011,AR,1
2011,AZ,4
2011,Australia,2
2011,CA,39
2011,Canada,3
2011,Cuba,3
2011,Curacao,1
2011,DE,1
2011,Dominican Republic,23
2011,FL,11
2011,GA,4
2011,HI,1
2011,IA,2
2011,ID,1
2011,IL,4
2011,IN,3
2011,Japan,2
2011,KS,2
2011,KY,3
2011,LA,2
2011,MA,5
2011,MD,2
2011,ME,1
2011,MI,3
2011,MN,1
2011,MO,3
2011,MS,3
2011,MT,1
2011,Mexico,1
2011,NC,5
2011,NJ,2
2011,NV,2
2011,NY,2
2011,OH,3
2011,OR,2
2011,Puerto Rico,5
2011,SC,3
2011,TN,4
2011,TX,10
2011,VA,2
2011,Venezuela,13
2011,WA,3
2011,WV,1
2012,AL,2
2012,AR,2
2012,Australia,2
2012,Brazil,1
2012,CA,28
2012,CT,3
2012,Canada,3
2012,Colombia,3
2012,Cuba,5
2012,Curacao,1
2012,Dominican Republic,18
2012,FL,10
2012,HI,1
2012,ID,1
2012,IL,4
2012,IN,1
2012,Italy,1
2012,Japan,4
2012,KS,1
2012,KY,4
2012,LA,3
2012,MA,1
2012,MD,1
2012,ME,2
2012,MI,2
2012,MN,1
2012,MO,3
2012,MS,2
2012,NC,1
2012,NE,2
2012,NH,1
2012,NJ,6
2012,NM,2
2012,NY,7
2012,OH,4
2012,OK,2
2012,PA,6
2012,Panama,1
2012,Puerto Rico,3
2012,SC,1
2012,SD,1
2012,TN,5
2012,TX,8
2012,UT,1
2012,VA,1
2012,Venezuela,9
2012,WI,1
2012,WV,1
2012,WY,1
2013,AL,3
2013,AZ,2
2013,Brazil,1
2013,CA,31
2013,Canada,3
2013,Colombia,1
2013,Cuba,3
2013,Curacao,1
2013,DC,1
2013,DE,1
2013,Dominican Republic,16
2013,FL,12
2013,GA,2
2013,IA,1
2013,ID,1
2013,IL,5
2013,IN,3
2013,Ireland,1
2013,LA,1
2013,MA,2
2013,MI,2
2013,MN,2
2013,MO,5
2013,MS,2
2013,Mexico,1
2013,NC,6
2013,NE,3
2013,NJ,1
2013,NY,4
2013,Netherlands,1
2013,OH,4
2013,OK,2
2013,PA,5
2013,Puerto Rico,3
2013,Saudi Arabia,1
2013,TN,4
2013,TX,16
2013,Venezuela,9
2013,WA,1
2013,WV,2
2014,AL,3
2014,AZ,1
2014,Aruba,1
2014,Bahamas,1
2014,CA,17
2014,CO,1
2014,CT,6
2014,Canada,1
2014,Cuba,6
2014,Curacao,1
2014,Dominican Republic,17
2014,FL,8
2014,GA,6
2014,HI,2
2014,IL,10
2014,IN,2
2014,Japan,3
2014,KS,2
2014,KY,2
2014,LA,2
2014,MD,1
2014,MI,3
2014,MN,1
2014,MO,2
2014,NC,3
2014,NJ,2
2014,NM,1
2014,NY,5
2014,OH,3
2014,PA,2
2014,Puerto Rico,5
2014,RI,1
2014,SC,2
2014,TN,2
2014,TX,8
2014,VA,3
2014,Venezuela,16
2014,WA,1
2014,WY,1
2015,AL,3
2015,AZ,2
2015,Belize,1
2015,Brazil,1
2015,CA,33
2015,CT,1
2015,Canada,1
2015,Colombia,2
2015,Cuba,6
2015,DC,1
2015,DE,1
2015,Dominican Republic,21
2015,FL,11
2015,GA,4
2015,Germany,1
2015,IL,5
2015,IN,2
2015,KY,4
2015,LA,1
2015,MA,4
2015,MO,1
2015,Mexico,1
2015,NC,2
2015,NJ,3
2015,NM,1
2015,NV,3
2015,NY,5
2015,OH,9
2015,OK,2
2015,PA,3
2015,Panama,2
2015,Puerto Rico,7
2015,TN,2
2015,TX,21
2015,VA,2
2015,Venezuela,10
2015,WA,6
2015,WI,2
2016,AK,1
2016,AL,3
2016,AR,1
2016,AZ,1
2016,CA,26
2016,CO,1
2016,CT,1
2016,Colombia,1
2016,Cuba,2
2016,DC,1
2016,DE,1
2016,Dominican Republic,23
2016,FL,18
2016,GA,4
2016,Germany,1
2016,IA,2
2016,ID,2
2016,IL,1
2016,IN,4
2016,Japan,1
2016,KY,3
2016,LA,3
2016,MA,2
2016,MD,2
2016,MN,1
2016,MO,2
2016,MS,1
2016,Mexico,5
2016,NC,5
2016,NE,1
2016,NJ,1
2016,NM,1
2016,NV,6
2016,NY,5
2016,Nicaragua,1
2016,OH,1
2016,OK,5
2016,OR,2
2016,PA,4
2016,Panama,1
2016,Puerto Rico,4
2016,SC,4
2016,South Korea,3
2016,TN,4
2016,TX,10
2016,U. S. Virgin Islands,1
2016,VA,2
2016,Venezuela,16
2016,WA,2
2017,AL,1
2017,AZ,4
2017,Australia,1
2017,CA,27
2017,CO,2
2017,Canada,1
2017,Cuba,3
2017,Curacao,1
2017,Dominican Republic,28
2017,FL,15
2017,GA,7
2017,Germany,1
2017,Hong Kong,1
2017,IA,1
2017,ID,1
2017,IL,6
2017,IN,4
2017,KY,2
2017,LA,2
2017,MA,5
2017,MD,1
2017,MO,1
2017,MS,3
2017,NC,3
2017,ND,1
2017,NV,2
2017,NY,5
2017,OH,7
2017,OK,2
2017,OR,4
2017,PA,6
2017,Panama,2
2017,SC,4
2017,SD,1
2017,TN,2
2017,TX,10
2017,VA,3
2017,Venezuela,15
2017,WA,2
2017,WY,1
2018,AL,6
2018,AR,2
2018,AZ,11
2018,Brazil,2
2018,CA,67
2018,CO,3
2018,CT,2
2018,Canada,3
2018,Colombia,5
2018,Cuba,5
2018,DE,1
2018,Dominican Republic,62
2018,FL,37
2018,GA,16
2018,HI,1
2018,IA,2
2018,ID,1
2018,IL,16
2018,IN,3
2018,Ireland,1
2018,Japan,3
2018,KS,3
2018,KY,2
2018,LA,6
2018,Lithuania,1
2018,MA,4
2018,MD,4
2018,MI,4
2018,MN,1
2018,MO,6
2018,MS,5
2018,MT,1
2018,Mexico,6
2018,NC,13
2018,NE,1
2018,NH,4
2018,NJ,6
2018,NM,1
2018,NV,2
2018,NY,12
2018,Nicaragua,1
2018,OH,13
2018,OK,3
2018,OR,4
2018,PA,10
2018,Panama,4
2018,Puerto Rico,6
2018,RI,1
2018,SC,6
2018,SD,1
2018,South Africa,1
2018,TN,8
2018,TX,30
2018,U. S. Virgin Islands,1
2018,VA,8
2018,Venezuela,31
2018,WA,9
2018,WI,3
2018,WV,2
1871,IL,1
